og173,Books & Reference
og174,Business
og175,Comics
og176,Communication
og177,Education
og178,Entertainment
og179,Finance
og180,Health & Fitness
og181,Libraries & Demo
og182,Lifestyle
og183,Media & Video
og184,Medical
og185,Music & Audio
og186,News & Magazines
og187,Personalization
og188,Photography
og189,Productivity
og190,Shopping
og191,Social
og192,Sports
og193,Tools
og194,Transportation
og195,Travel & Local
og196,Weather
og198,Action
og199,Adventure
og200,Arcade
og201,Board
og202,Card
og204,Casual
og205,Educational
og206,Family
og207,Music
og208,Puzzle
og209,Racing
og210,Role Playing
og211,Simulation
og212,Sports Games
og213,Strategy
og214,Trivia
og215,Word
og217,1-800-Flowers
og218,adidas
og219,Adobe
og220,Advance Auto Parts
og221,Aeropostale
og222,AliExpress
og223,Amazon
og224,American Airlines
og225,American Eagle Outfitters
og226,American Express
og227,Ancestry.com
og228,Anna's Linens
og229,Apple
og230,Applebee's
og231,ASOS
og232,AT&T
og233,Audible
og234,Auto Parts Warehouse
og235,Autotrader
og236,AutoZone
og237,Avon
og238,Barnes & Noble
og239,Bass Pro Shops
og240,Bath & Body Works
og241,bebe
og242,Bed Bath & Beyond
og243,Best Buy
og244,Best Western
og245,Beyond.com
og246,BJ's Wholesale Club
og247,Blair
og248,Bloomingdale's
og249,Buckle
og250,Cabela's
og251,CafePress
og252,Capital One
og253,Carter's
og254,Charlotte Russe
og255,Chase
og256,Cheapflights
og257,Chilis
og258,Choice Hotels
og259,Cinemark
og260,Coach
og261,Costco
og262,Coupons.com
og263,CVS/pharmacy
og264,Dell Home & Home Office
og265,Delta
og266,Diapers.com
og267,Dick's Sporting Goods
og268,Dillard's
og269,DIRECTV
og270,Discovery Channel Store
og271,Disney Store
og272,Dollar General
og273,Dollar Tree
og274,Domino's Pizza
og275,DrJays
og276,DSW
og277,Dunkin' Donuts
og278,Eastbay
og279,eBay
og280,Edible Arrangements
og281,Enterprise Rent-A-Car
og282,Etsy
og283,EverSave
og284,Expedia
og285,Express
og286,Famous Footwear
og287,Fandango
og288,Fingerhut
og289,Finish Line
og290,Foot Locker
og291,Forever 21
og292,FragranceNet.com
og293,Fry's
og294,GameStop
og295,Gap
og296,GNC
og297,Google Play
og298,Groupon
og299,Guitar Center
og300,Gymboree
og301,H&M
og302,H&R Block At Home
og303,HauteLook
og304,Hayneedle
og305,Hilton
og306,Home Depot
og307,Hot Topic
og308,Hotels.com
og309,Hotwire
og310,HP Home & Home Office
og311,HSN
og312,ideeli
og313,IHOP
og314,IKEA
og315,JCPenney
og316,JetBlue
og317,Jo-Ann
og318,Joss & Main
og319,JustFab
og320,Justice
og321,Kay Jewelers
og322,Kirkland's Home Decor
og323,Kmart
og324,Kohl's
og325,Kroger
og326,Lane Bryant
og327,LEGO
og328,Levi's
og329,Lids
og330,LivingSocial
og331,Longhorn Steakhouse
og332,Lowe's
og333,Macy's
og334,Marriott
og335,Match.com
og336,Maurices
og337,Meijer
og338,Michael's
og339,Mint.com
og340,MLB.com
og341,ModCloth
og342,Montgomery Ward
og343,MYHABIT
og344,NASCAR Superstore
og345,National Geographic
og346,NBA Store
og347,Neiman Marcus
og348,Netflix
og349,New Balance
og350,New York & Company
og351,Newegg
og352,NFL Shop
og353,Nike
og354,No More Rack
og355,Nordstrom
og356,Office Depot
og357,Old Navy
og358,Olive Garden
og359,OneStopPlus
og360,Orbitz
og361,Oriental Trading Company
og362,Outback Steakhouse
og363,Overstock
og364,Papa John's
og365,Party City Store
og366,Payless Shoes
og367,PETCO
og368,PetSmart
og369,Pizza Hut
og370,Pottery Barn
og371,Pottery Barn Kids
og372,Priceline
og373,ProFlowers
og374,Quality Health
og375,QVC
og376,RadioShack
og377,Ralph Lauren
og378,Red Lobster
og379,Redbox
og380,REI
og381,Restaurant.com
og382,RiteAid
og383,Safeway
og384,Saks
og385,Sally Beauty Supply
og386,Sam's Club
og387,Samsung
og388,Sears
og389,Sephora
og390,Seventh Avenue
og391,ShoeDazzle
og392,Shutterfly
og393,Skype
og394,Southwest Airlines
og395,Sports Authority
og396,Sprint
og397,Staples
og398,Starwood Hotels Resorts
og399,Subway
og401,Target
og402,Texas Roadhouse
og403,TGI Fridays
og404,The Children's Place
og405,The Knot
og406,The North Face
og400,T-Mobile
og407,Toys'R'Us
og408,Travelocity
og409,Travelzoo
og410,TripAdvisor
og411,TurboTax
og412,UGG Australia
og413,ULTA
og414,Under Armour
og415,United
og416,Urban Outfitters
og417,Verizon Wireless
og418,Victoria's Secret
og419,Vistaprint
og420,Walgreens
og421,Walmart
og422,Wayfair
og423,Weight Watchers
og424,Wet Seal
og425,Yelp
og426,Zales
og427,Zappos
og428,Zazzle
og429,zulily
og001,
og002,
og003,Abarth
og004,Acura
og005,Aixam
og006,Alfa Romeo
og007,American Motors
og008,Ariel
og009,Aston Martin
og010,Auburn
og011,Audi
og012,Austin Healey
og013,Bentley
og014,BMW
og015,Bugatti
og016,Buick
og017,Cadillac
og018,Chevrolet
og019,Chrysler
og020,Citroen
og021,Dacia
og022,Daewoo
og023,Daihatsu
og024,Datsun
og025,De Tomaso
og026,DeLorean/DMC
og027,DeSoto
og028,Dodge
og029,Eagle
og030,Ferrari
og031,Fiat
og032,Ford
og033,Geo
og034,GMC
og035,Holden
og036,Honda
og037,Hummer
og038,Hyundai
og039,Infiniti
og040,International
og041,Isuzu
og042,Jaguar
og043,Jeep
og044,Kia
og045,Koenigsegg
og046,Lada
og047,Lamborghini
og048,Lancia
og049,Land Rover
og050,Lexus
og051,Lincoln
og052,Lotus
og053,Maserati
og054,Maybach
og055,Mazda
og056,McLaren
og057,Mercedes Benz
og058,Mercury
og059,MINI
og060,Mitsubishi
og061,Morgan
og062,Nash
og063,Nissan
og064,Oldsmobile
og065,Opel
og066,Pagani
og067,Panoz
og068,Perodua
og069,Peugeot
og070,Plymouth
og071,Pontiac
og072,Porsche
og073,Proton
og074,Ram
og075,Renault
og076,Rolls Royce
og077,Saab
og078,Saleen
og079,Saturn
og080,Scion
og081,SEAT
og082,Shelby
og083,Skoda
og084,Smart
og085,Spyker
og086,Sterling
og087,Studebaker
og088,Subaru
og089,Suzuki
og090,Tesla
og091,Toyota
og092,Triumph
og093,Volkswagen
og094,Volvo
og095,Willys
og096,Yugo
og098,Air Travel
og099,Hotels & Lodging
og435,Car Rentals
og432,Automotive Parts & Accessories
og433,Baby & Parenting
og436,Apparel
og437,Luxury Goods
og452,Shoes
og453,Big Box Retailers
og498,Pharma
og455,Sporting Goods
og457,Toys
og475,Events & Tickets
og158,Arabic Speakers
og159,Chinese Speakers
og160,French Speakers
og161,German Speakers
og162,Hindi Speakers
og163,Italian Speakers
og164,Japanese Speakers
og165,Korean Speakers
og166,Polish Speakers
og167,Portuguese Speakers
og168,Russian Speakers
og169,Spanish Speakers
og170,Vietnamese Speakers
og430,Air Travel
og431,Animals
og434,Beauty & Cosmetics
og438,Communication
og439,Computers
og440,Electronics
og441,Dating
og442,Education
og443,Entertainment
og444,Financial Products & Services
og445,Food & Dining
og446,Gaming
og447,Health
og448,Genealogy
og450,Mobile
og451,Photography
og454,Home Improvement
og456,Sports
og458,Travel
og471,Cruise 
og459,Wedding
og461,Alpine Sports
og462,Animals
og464,Auto
og465,Baseball
og466,Basketball
og469,Cooking
og473,Electronics
og480,NFL Football
og492,Music
og501,Soccer
og460,Active Traders
og463,Auction/Classified Shoppers
og467,Business Professionals
og468,College Students
og470,Couples
og472,C-Suite Execs
og476,Fashionistas
og477,Fitness Trackers
og478,Frequent Fliers
og479,Foodies
og481,Gamers
og482,Health Fanatics
og483,Home Buyers
og484,Hispanic Users
og485,Home Renters
og486,Hotel Reviewers
og487,Investing for Retirement
og488,Job Seekers
og489,Luxury & Designer 
og490,Mobile Gamers
og491,Moms
og493,New Parents
og494,News Junkies
og495,Online Daters
og496,Online Shoppers
og497,Pet Owners
og500,Retirees
og502,Socialites
og503,Soon to be Brides
og504,Sports Enthousiasts
og505,Techies
og506,Vacation Planners
